region_code,alias,normalized_alias,priority
4182000000,가평,가평,50
4182000000,가평군,가평군,20
1168000000,강남,강남,50
1168000000,강남구,강남구,20
1174000000,강동,강동,50
1174000000,강동구,강동구,20
5115000000,강릉,강릉,50
5115000000,강릉시,강릉시,20
1130500000,강북,강북,50
1130500000,강북구,강북구,20
1150000000,강서,강서,50
2644000000,강서,강서,50
1150000000,강서구,강서구,20
2644000000,강서구,강서구,20
5100000000,강원,강원,30
5115000000,강원 강릉,강원강릉,45
5115000000,강원 강릉시,강원강릉시,15
5182000000,강원 고성,강원고성,45
5182000000,강원 고성군,강원고성군,15
5100000000,강원도,강원도,30
5115000000,강원도 강릉,강원도강릉,45
5115000000,강원도 강릉시,강원도강릉시,15
5182000000,강원도 고성,강원도고성,45
5182000000,강원도 고성군,강원도고성군,15
5117000000,강원도 동해,강원도동해,45
5117000000,강원도 동해시,강원도동해시,15
5123000000,강원도 삼척,강원도삼척,45
5123000000,강원도 삼척시,강원도삼척시,15
5121000000,강원도 속초,강원도속초,45
5121000000,강원도 속초시,강원도속초시,15
5180000000,강원도 양구,강원도양구,45
5180000000,강원도 양구군,강원도양구군,15
5183000000,강원도 양양,강원도양양,45
5183000000,강원도 양양군,강원도양양군,15
5175000000,강원도 영월,강원도영월,45
5175000000,강원도 영월군,강원도영월군,15
5113000000,강원도 원주,강원도원주,45
5113000000,강원도 원주시,강원도원주시,15
5181000000,강원도 인제,강원도인제,45
5181000000,강원도 인제군,강원도인제군,15
5177000000,강원도 정선,강원도정선,45
5177000000,강원도 정선군,강원도정선군,15
5178000000,강원도 철원,강원도철원,45
5178000000,강원도 철원군,강원도철원군,15
5111000000,강원도 춘천,강원도춘천,45
5111000000,강원도 춘천시,강원도춘천시,15
5119000000,강원도 태백,강원도태백,45
5119000000,강원도 태백시,강원도태백시,15
5176000000,강원도 평창,강원도평창,45
5176000000,강원도 평창군,강원도평창군,15
5172000000,강원도 홍천,강원도홍천,45
5172000000,강원도 홍천군,강원도홍천군,15
5179000000,강원도 화천,강원도화천,45
5179000000,강원도 화천군,강원도화천군,15
5173000000,강원도 횡성,강원도횡성,45
5173000000,강원도 횡성군,강원도횡성군,15
5117000000,강원 동해,강원동해,45
5117000000,강원 동해시,강원동해시,15
5123000000,강원 삼척,강원삼척,45
5123000000,강원 삼척시,강원삼척시,15
5121000000,강원 속초,강원속초,45
5121000000,강원 속초시,강원속초시,15
5180000000,강원 양구,강원양구,45
5180000000,강원 양구군,강원양구군,15
5183000000,강원 양양,강원양양,45
5183000000,강원 양양군,강원양양군,15
5175000000,강원 영월,강원영월,45
5175000000,강원 영월군,강원영월군,15
5113000000,강원 원주,강원원주,45
5113000000,강원 원주시,강원원주시,15
5181000000,강원 인제,강원인제,45
5181000000,강원 인제군,강원인제군,15
5177000000,강원 정선,강원정선,45
5177000000,강원 정선군,강원정선군,15
5178000000,강원 철원,강원철원,45
5178000000,강원 철원군,강원철원군,15
5111000000,강원 춘천,강원춘천,45
5111000000,강원 춘천시,강원춘천시,15
5119000000,강원 태백,강원태백,45
5119000000,강원 태백시,강원태백시,15
5100000000,강원특별자치도,강원특별자치도,10
5115000000,강원특별자치도 강릉시,강원특별자치도강릉시,10
5182000000,강원특별자치도 고성군,강원특별자치도고성군,10
5117000000,강원특별자치도 동해시,강원특별자치도동해시,10
5123000000,강원특별자치도 삼척시,강원특별자치도삼척시,10
5121000000,강원특별자치도 속초시,강원특별자치도속초시,10
5180000000,강원특별자치도 양구군,강원특별자치도양구군,10
5183000000,강원특별자치도 양양군,강원특별자치도양양군,10
5175000000,강원특별자치도 영월군,강원특별자치도영월군,10
5113000000,강원특별자치도 원주시,강원특별자치도원주시,10
5181000000,강원특별자치도 인제군,강원특별자치도인제군,10
5177000000,강원특별자치도 정선군,강원특별자치도정선군,10
5178000000,강원특별자치도 철원군,강원특별자치도철원군,10
5111000000,강원특별자치도 춘천시,강원특별자치도춘천시,10
5119000000,강원특별자치도 태백시,강원특별자치도태백시,10
5176000000,강원특별자치도 평창군,강원특별자치도평창군,10
5172000000,강원특별자치도 홍천군,강원특별자치도홍천군,10
5179000000,강원특별자치도 화천군,강원특별자치도화천군,10
5173000000,강원특별자치도 횡성군,강원특별자치도횡성군,10
5176000000,강원 평창,강원평창,45
5176000000,강원 평창군,강원평창군,15
5172000000,강원 홍천,강원홍천,45
5172000000,강원 홍천군,강원홍천군,15
5179000000,강원 화천,강원화천,45
5179000000,강원 화천군,강원화천군,15
5173000000,강원 횡성,강원횡성,45
5173000000,강원 횡성군,강원횡성군,15
1278000000,강진,강진,50
1278000000,강진군,강진군,20
2871000000,강화,강화,50
2871000000,강화군,강화군,20
4831000000,거제,거제,50
4831000000,거제시,거제시,20
4888000000,거창,거창,50
4888000000,거창군,거창군,20
2829000000,검단,검단,50
2829000000,검단구,검단구,20
4100000000,경기,경기,30
4182000000,경기 가평,경기가평,45
4182000000,경기 가평군,경기가평군,15
4128000000,경기 고양,경기고양,45
4128000000,경기 고양시,경기고양시,15
4129000000,경기 과천,경기과천,45
4129000000,경기 과천시,경기과천시,15
4121000000,경기 광명,경기광명,45
4121000000,경기 광명시,경기광명시,15
4161000000,경기 광주,경기광주,45
4161000000,경기 광주시,경기광주시,15
4131000000,경기 구리,경기구리,45
4131000000,경기 구리시,경기구리시,15
4141000000,경기 군포,경기군포,45
4141000000,경기 군포시,경기군포시,15
4157000000,경기 김포,경기김포,45
4157000000,경기 김포시,경기김포시,15
4136000000,경기 남양주,경기남양주,45
4136000000,경기 남양주시,경기남양주시,15
4100000000,경기도,경기도,10
4182000000,경기도 가평군,경기도가평군,10
4128000000,경기도 고양시,경기도고양시,10
4129000000,경기도 과천시,경기도과천시,10
4121000000,경기도 광명시,경기도광명시,10
4161000000,경기도 광주시,경기도광주시,10
4131000000,경기도 구리시,경기도구리시,10
4141000000,경기도 군포시,경기도군포시,10
4157000000,경기도 김포시,경기도김포시,10
4136000000,경기도 남양주시,경기도남양주시,10
4125000000,경기도 동두천시,경기도동두천시,10
4119000000,경기도 부천시,경기도부천시,10
4113000000,경기도 성남시,경기도성남시,10
4111000000,경기도 수원시,경기도수원시,10
4139000000,경기도 시흥시,경기도시흥시,10
4127000000,경기도 안산시,경기도안산시,10
4155000000,경기도 안성시,경기도안성시,10
4117000000,경기도 안양시,경기도안양시,10
4163000000,경기도 양주시,경기도양주시,10
4183000000,경기도 양평군,경기도양평군,10
4167000000,경기도 여주시,경기도여주시,10
4180000000,경기도 연천군,경기도연천군,10
4137000000,경기도 오산시,경기도오산시,10
4146000000,경기도 용인시,경기도용인시,10
4143000000,경기도 의왕시,경기도의왕시,10
4115000000,경기도 의정부시,경기도의정부시,10
4150000000,경기도 이천시,경기도이천시,10
4148000000,경기도 파주시,경기도파주시,10
4122000000,경기도 평택시,경기도평택시,10
4165000000,경기도 포천시,경기도포천시,10
4145000000,경기도 하남시,경기도하남시,10
4159000000,경기도 화성시,경기도화성시,10
4125000000,경기 동두천,경기동두천,45
4125000000,경기 동두천시,경기동두천시,15
4119000000,경기 부천,경기부천,45
4119000000,경기 부천시,경기부천시,15
4113000000,경기 성남,경기성남,45
4113000000,경기 성남시,경기성남시,15
4111000000,경기 수원,경기수원,45
4111000000,경기 수원시,경기수원시,15
4139000000,경기 시흥,경기시흥,45
4139000000,경기 시흥시,경기시흥시,15
4127000000,경기 안산,경기안산,45
4127000000,경기 안산시,경기안산시,15
4155000000,경기 안성,경기안성,45
4155000000,경기 안성시,경기안성시,15
4117000000,경기 안양,경기안양,45
4117000000,경기 안양시,경기안양시,15
4163000000,경기 양주,경기양주,45
4163000000,경기 양주시,경기양주시,15
4183000000,경기 양평,경기양평,45
4183000000,경기 양평군,경기양평군,15
4167000000,경기 여주,경기여주,45
4167000000,경기 여주시,경기여주시,15
4180000000,경기 연천,경기연천,45
4180000000,경기 연천군,경기연천군,15
4137000000,경기 오산,경기오산,45
4137000000,경기 오산시,경기오산시,15
4146000000,경기 용인,경기용인,45
4146000000,경기 용인시,경기용인시,15
4143000000,경기 의왕,경기의왕,45
4143000000,경기 의왕시,경기의왕시,15
4115000000,경기 의정부,경기의정부,45
4115000000,경기 의정부시,경기의정부시,15
4150000000,경기 이천,경기이천,45
4150000000,경기 이천시,경기이천시,15
4148000000,경기 파주,경기파주,45
4148000000,경기 파주시,경기파주시,15
4122000000,경기 평택,경기평택,45
4122000000,경기 평택시,경기평택시,15
4165000000,경기 포천,경기포천,45
4165000000,경기 포천시,경기포천시,15
4145000000,경기 하남,경기하남,45
4145000000,경기 하남시,경기하남시,15
4159000000,경기 화성,경기화성,45
4159000000,경기 화성시,경기화성시,15
4800000000,경남,경남,30
4831000000,경남 거제,경남거제,45
4831000000,경남 거제시,경남거제시,15
4888000000,경남 거창,경남거창,45
4888000000,경남 거창군,경남거창군,15
4882000000,경남 고성,경남고성,45
4882000000,경남 고성군,경남고성군,15
4825000000,경남 김해,경남김해,45
4825000000,경남 김해시,경남김해시,15
4884000000,경남 남해,경남남해,45
4884000000,경남 남해군,경남남해군,15
4827000000,경남 밀양,경남밀양,45
4827000000,경남 밀양시,경남밀양시,15
4824000000,경남 사천,경남사천,45
4824000000,경남 사천시,경남사천시,15
4886000000,경남 산청,경남산청,45
4886000000,경남 산청군,경남산청군,15
4833000000,경남 양산,경남양산,45
4833000000,경남 양산시,경남양산시,15
4872000000,경남 의령,경남의령,45
4872000000,경남 의령군,경남의령군,15
4817000000,경남 진주,경남진주,45
4817000000,경남 진주시,경남진주시,15
4874000000,경남 창녕,경남창녕,45
4874000000,경남 창녕군,경남창녕군,15
4812000000,경남 창원,경남창원,45
4812000000,경남 창원시,경남창원시,15
4822000000,경남 통영,경남통영,45
4822000000,경남 통영시,경남통영시,15
4885000000,경남 하동,경남하동,45
4885000000,경남 하동군,경남하동군,15
4873000000,경남 함안,경남함안,45
4873000000,경남 함안군,경남함안군,15
4887000000,경남 함양,경남함양,45
4887000000,경남 함양군,경남함양군,15
4889000000,경남 합천,경남합천,45
4889000000,경남 합천군,경남합천군,15
4700000000,경북,경북,30
4729000000,경북 경산,경북경산,45
4729000000,경북 경산시,경북경산시,15
4713000000,경북 경주,경북경주,45
4713000000,경북 경주시,경북경주시,15
4783000000,경북 고령,경북고령,45
4783000000,경북 고령군,경북고령군,15
4719000000,경북 구미,경북구미,45
4719000000,경북 구미시,경북구미시,15
4715000000,경북 김천,경북김천,45
4715000000,경북 김천시,경북김천시,15
4728000000,경북 문경,경북문경,45
4728000000,경북 문경시,경북문경시,15
4792000000,경북 봉화,경북봉화,45
4792000000,경북 봉화군,경북봉화군,15
4725000000,경북 상주,경북상주,45
4725000000,경북 상주시,경북상주시,15
4784000000,경북 성주,경북성주,45
4784000000,경북 성주군,경북성주군,15
4717000000,경북 안동,경북안동,45
4717000000,경북 안동시,경북안동시,15
4777000000,경북 영덕,경북영덕,45
4777000000,경북 영덕군,경북영덕군,15
4776000000,경북 영양,경북영양,45
4776000000,경북 영양군,경북영양군,15
4721000000,경북 영주,경북영주,45
4721000000,경북 영주시,경북영주시,15
4723000000,경북 영천,경북영천,45
4723000000,경북 영천시,경북영천시,15
4790000000,경북 예천,경북예천,45
4790000000,경북 예천군,경북예천군,15
4794000000,경북 울릉,경북울릉,45
4794000000,경북 울릉군,경북울릉군,15
4793000000,경북 울진,경북울진,45
4793000000,경북 울진군,경북울진군,15
4773000000,경북 의성,경북의성,45
4773000000,경북 의성군,경북의성군,15
4782000000,경북 청도,경북청도,45
4782000000,경북 청도군,경북청도군,15
4775000000,경북 청송,경북청송,45
4775000000,경북 청송군,경북청송군,15
4785000000,경북 칠곡,경북칠곡,45
4785000000,경북 칠곡군,경북칠곡군,15
4711000000,경북 포항,경북포항,45
4711000000,경북 포항시,경북포항시,15
4729000000,경산,경산,50
4729000000,경산시,경산시,20
4800000000,경상남도,경상남도,10
4831000000,경상남도 거제시,경상남도거제시,10
4888000000,경상남도 거창군,경상남도거창군,10
4882000000,경상남도 고성군,경상남도고성군,10
4825000000,경상남도 김해시,경상남도김해시,10
4884000000,경상남도 남해군,경상남도남해군,10
4827000000,경상남도 밀양시,경상남도밀양시,10
4824000000,경상남도 사천시,경상남도사천시,10
4886000000,경상남도 산청군,경상남도산청군,10
4833000000,경상남도 양산시,경상남도양산시,10
4872000000,경상남도 의령군,경상남도의령군,10
4817000000,경상남도 진주시,경상남도진주시,10
4874000000,경상남도 창녕군,경상남도창녕군,10
4812000000,경상남도 창원시,경상남도창원시,10
4822000000,경상남도 통영시,경상남도통영시,10
4885000000,경상남도 하동군,경상남도하동군,10
4873000000,경상남도 함안군,경상남도함안군,10
4887000000,경상남도 함양군,경상남도함양군,10
4889000000,경상남도 합천군,경상남도합천군,10
4700000000,경상북도,경상북도,10
4729000000,경상북도 경산시,경상북도경산시,10
4713000000,경상북도 경주시,경상북도경주시,10
4783000000,경상북도 고령군,경상북도고령군,10
4719000000,경상북도 구미시,경상북도구미시,10
4715000000,경상북도 김천시,경상북도김천시,10
4728000000,경상북도 문경시,경상북도문경시,10
4792000000,경상북도 봉화군,경상북도봉화군,10
4725000000,경상북도 상주시,경상북도상주시,10
4784000000,경상북도 성주군,경상북도성주군,10
4717000000,경상북도 안동시,경상북도안동시,10
4777000000,경상북도 영덕군,경상북도영덕군,10
4776000000,경상북도 영양군,경상북도영양군,10
4721000000,경상북도 영주시,경상북도영주시,10
4723000000,경상북도 영천시,경상북도영천시,10
4790000000,경상북도 예천군,경상북도예천군,10
4794000000,경상북도 울릉군,경상북도울릉군,10
4793000000,경상북도 울진군,경상북도울진군,10
4773000000,경상북도 의성군,경상북도의성군,10
4782000000,경상북도 청도군,경상북도청도군,10
4775000000,경상북도 청송군,경상북도청송군,10
4785000000,경상북도 칠곡군,경상북도칠곡군,10
4711000000,경상북도 포항시,경상북도포항시,10
4713000000,경주,경주,50
4713000000,경주시,경주시,20
4425000000,계룡,계룡,50
4425000000,계룡시,계룡시,20
2824500000,계양,계양,50
2824500000,계양구,계양구,20
4783000000,고령,고령,50
4783000000,고령군,고령군,20
4882000000,고성,고성,50
5182000000,고성,고성,50
4882000000,고성군,고성군,20
5182000000,고성군,고성군,20
4128000000,고양,고양,50
4128000000,고양시,고양시,20
5279000000,고창,고창,50
5279000000,고창군,고창군,20
1274000000,고흥,고흥,50
1274000000,고흥군,고흥군,20
1272000000,곡성,곡성,50
1272000000,곡성군,곡성군,20
4415000000,공주,공주,50
4415000000,공주시,공주시,20
4129000000,과천,과천,50
4129000000,과천시,과천시,20
1162000000,관악,관악,50
1162000000,관악구,관악구,20
4121000000,광명,광명,50
4121000000,광명시,광명시,20
1233000000,광산,광산,50
1233000000,광산구,광산구,20
1219000000,광양,광양,50
1219000000,광양시,광양시,20
1200000000,광주,광주,30
4161000000,광주,광주,50
1233000000,광주 광산,광주광산,45
1233000000,광주 광산구,광주광산구,15
1200000000,광주광역시,광주광역시,30
1233000000,광주광역시 광산,광주광역시광산,45
1233000000,광주광역시 광산구,광주광역시광산구,15
1227000000,광주광역시 남,광주광역시남,45
1227000000,광주광역시 남구,광주광역시남구,15
1221000000,광주광역시 동,광주광역시동,45
1221000000,광주광역시 동구,광주광역시동구,15
1230000000,광주광역시 북,광주광역시북,45
1230000000,광주광역시 북구,광주광역시북구,15
1224000000,광주광역시 서,광주광역시서,45
1224000000,광주광역시 서구,광주광역시서구,15
1227000000,광주 남,광주남,45
1227000000,광주 남구,광주남구,15
1221000000,광주 동,광주동,45
1221000000,광주 동구,광주동구,15
1230000000,광주 북,광주북,45
1230000000,광주 북구,광주북구,15
1224000000,광주 서,광주서,45
1224000000,광주 서구,광주서구,15
4161000000,광주시,광주시,20
1200000000,광주시,광주시,30
1233000000,광주시 광산,광주시광산,45
1233000000,광주시 광산구,광주시광산구,15
1227000000,광주시 남,광주시남,45
1227000000,광주시 남구,광주시남구,15
1221000000,광주시 동,광주시동,45
1221000000,광주시 동구,광주시동구,15
1230000000,광주시 북,광주시북,45
1230000000,광주시 북구,광주시북구,15
1224000000,광주시 서,광주시서,45
1224000000,광주시 서구,광주시서구,15
1121500000,광진,광진,50
1121500000,광진구,광진구,20
4376000000,괴산,괴산,50
4376000000,괴산군,괴산군,20
1273000000,구례,구례,50
1273000000,구례군,구례군,20
1153000000,구로,구로,50
1153000000,구로구,구로구,20
4131000000,구리,구리,50
4131000000,구리시,구리시,20
4719000000,구미,구미,50
4719000000,구미시,구미시,20
5213000000,군산,군산,50
5213000000,군산시,군산시,20
2772000000,군위,군위,50
2772000000,군위군,군위군,20
4141000000,군포,군포,50
4141000000,군포시,군포시,20
4471000000,금산,금산,50
4471000000,금산군,금산군,20
2641000000,금정,금정,50
2641000000,금정구,금정구,20
1154500000,금천,금천,50
1154500000,금천구,금천구,20
2671000000,기장,기장,50
2671000000,기장군,기장군,20
5221000000,김제,김제,50
5221000000,김제시,김제시,20
4715000000,김천,김천,50
4715000000,김천시,김천시,20
4157000000,김포,김포,50
4157000000,김포시,김포시,20
4825000000,김해,김해,50
4825000000,김해시,김해시,20
1217000000,나주,나주,50
1217000000,나주시,나주시,20
1227000000,남,남,50
2629000000,남,남,50
2720000000,남,남,50
3114000000,남,남,50
1227000000,남구,남구,20
2629000000,남구,남구,20
2720000000,남구,남구,20
3114000000,남구,남구,20
2820000000,남동,남동,50
2820000000,남동구,남동구,20
4136000000,남양주,남양주,50
4136000000,남양주시,남양주시,20
5219000000,남원,남원,50
5219000000,남원시,남원시,20
4884000000,남해,남해,50
4884000000,남해군,남해군,20
1135000000,노원,노원,50
1135000000,노원구,노원구,20
4423000000,논산,논산,50
4423000000,논산시,논산시,20
4380000000,단양,단양,50
4380000000,단양군,단양군,20
2729000000,달서,달서,50
2729000000,달서구,달서구,20
2771000000,달성,달성,50
2771000000,달성군,달성군,20
1271000000,담양,담양,50
1271000000,담양군,담양군,20
4427000000,당진,당진,50
4427000000,당진시,당진시,20
2700000000,대구,대구,30
2700000000,대구광역시,대구광역시,10
2772000000,대구광역시 군위군,대구광역시군위군,10
2720000000,대구광역시 남구,대구광역시남구,10
2729000000,대구광역시 달서구,대구광역시달서구,10
2771000000,대구광역시 달성군,대구광역시달성군,10
2714000000,대구광역시 동구,대구광역시동구,10
2723000000,대구광역시 북구,대구광역시북구,10
2717000000,대구광역시 서구,대구광역시서구,10
2726000000,대구광역시 수성구,대구광역시수성구,10
2711000000,대구광역시 중구,대구광역시중구,10
2772000000,대구 군위,대구군위,45
2772000000,대구 군위군,대구군위군,15
2720000000,대구 남,대구남,45
2720000000,대구 남구,대구남구,15
2729000000,대구 달서,대구달서,45
2729000000,대구 달서구,대구달서구,15
2771000000,대구 달성,대구달성,45
2771000000,대구 달성군,대구달성군,15
2714000000,대구 동,대구동,45
2714000000,대구 동구,대구동구,15
2723000000,대구 북,대구북,45
2723000000,대구 북구,대구북구,15
2717000000,대구 서,대구서,45
2717000000,대구 서구,대구서구,15
2726000000,대구 수성,대구수성,45
2726000000,대구 수성구,대구수성구,15
2700000000,대구시,대구시,30
2772000000,대구시 군위,대구시군위,45
2772000000,대구시 군위군,대구시군위군,15
2720000000,대구시 남,대구시남,45
2720000000,대구시 남구,대구시남구,15
2729000000,대구시 달서,대구시달서,45
2729000000,대구시 달서구,대구시달서구,15
2771000000,대구시 달성,대구시달성,45
2771000000,대구시 달성군,대구시달성군,15
2714000000,대구시 동,대구시동,45
2714000000,대구시 동구,대구시동구,15
2723000000,대구시 북,대구시북,45
2723000000,대구시 북구,대구시북구,15
2717000000,대구시 서,대구시서,45
2717000000,대구시 서구,대구시서구,15
2726000000,대구시 수성,대구시수성,45
2726000000,대구시 수성구,대구시수성구,15
2711000000,대구시 중,대구시중,45
2711000000,대구시 중구,대구시중구,15
2711000000,대구 중,대구중,45
2711000000,대구 중구,대구중구,15
3023000000,대덕,대덕,50
3023000000,대덕구,대덕구,20
3000000000,대전,대전,30
3000000000,대전광역시,대전광역시,10
3023000000,대전광역시 대덕구,대전광역시대덕구,10
3011000000,대전광역시 동구,대전광역시동구,10
3017000000,대전광역시 서구,대전광역시서구,10
3020000000,대전광역시 유성구,대전광역시유성구,10
3014000000,대전광역시 중구,대전광역시중구,10
3023000000,대전 대덕,대전대덕,45
3023000000,대전 대덕구,대전대덕구,15
3011000000,대전 동,대전동,45
3011000000,대전 동구,대전동구,15
3017000000,대전 서,대전서,45
3017000000,대전 서구,대전서구,15
3000000000,대전시,대전시,30
3023000000,대전시 대덕,대전시대덕,45
3023000000,대전시 대덕구,대전시대덕구,15
3011000000,대전시 동,대전시동,45
3011000000,대전시 동구,대전시동구,15
3017000000,대전시 서,대전시서,45
3017000000,대전시 서구,대전시서구,15
3020000000,대전시 유성,대전시유성,45
3020000000,대전시 유성구,대전시유성구,15
3014000000,대전시 중,대전시중,45
3014000000,대전시 중구,대전시중구,15
3020000000,대전 유성,대전유성,45
3020000000,대전 유성구,대전유성구,15
3014000000,대전 중,대전중,45
3014000000,대전 중구,대전중구,15
1132000000,도봉,도봉,50
1132000000,도봉구,도봉구,20
1221000000,동,동,50
2617000000,동,동,50
2714000000,동,동,50
3011000000,동,동,50
3117000000,동,동,50
1221000000,동구,동구,20
2617000000,동구,동구,20
2714000000,동구,동구,20
3011000000,동구,동구,20
3117000000,동구,동구,20
1123000000,동대문,동대문,50
1123000000,동대문구,동대문구,20
4125000000,동두천,동두천,50
4125000000,동두천시,동두천시,20
2626000000,동래,동래,50
2626000000,동래구,동래구,20
1159000000,동작,동작,50
1159000000,동작구,동작구,20
5117000000,동해,동해,50
5117000000,동해시,동해시,20
1144000000,마포,마포,50
1144000000,마포구,마포구,20
1211000000,목포,목포,50
1211000000,목포시,목포시,20
1281000000,무안,무안,50
1281000000,무안군,무안군,20
5273000000,무주,무주,50
5273000000,무주군,무주군,20
4728000000,문경,문경,50
4728000000,문경시,문경시,20
2817700000,미추홀,미추홀,50
2817700000,미추홀구,미추홀구,20
4827000000,밀양,밀양,50
4827000000,밀양시,밀양시,20
4418000000,보령,보령,50
4418000000,보령시,보령시,20
1275000000,보성,보성,50
1275000000,보성군,보성군,20
4372000000,보은,보은,50
4372000000,보은군,보은군,20
4792000000,봉화,봉화,50
4792000000,봉화군,봉화군,20
2600000000,부산,부산,30
2644000000,부산 강서,부산강서,45
2644000000,부산 강서구,부산강서구,15
2600000000,부산광역시,부산광역시,10
2644000000,부산광역시 강서구,부산광역시강서구,10
2641000000,부산광역시 금정구,부산광역시금정구,10
2671000000,부산광역시 기장군,부산광역시기장군,10
2629000000,부산광역시 남구,부산광역시남구,10
2617000000,부산광역시 동구,부산광역시동구,10
2626000000,부산광역시 동래구,부산광역시동래구,10
2623000000,부산광역시 부산진구,부산광역시부산진구,10
2632000000,부산광역시 북구,부산광역시북구,10
2653000000,부산광역시 사상구,부산광역시사상구,10
2638000000,부산광역시 사하구,부산광역시사하구,10
2614000000,부산광역시 서구,부산광역시서구,10
2650000000,부산광역시 수영구,부산광역시수영구,10
2647000000,부산광역시 연제구,부산광역시연제구,10
2620000000,부산광역시 영도구,부산광역시영도구,10
2611000000,부산광역시 중구,부산광역시중구,10
2635000000,부산광역시 해운대구,부산광역시해운대구,10
2641000000,부산 금정,부산금정,45
2641000000,부산 금정구,부산금정구,15
2671000000,부산 기장,부산기장,45
2671000000,부산 기장군,부산기장군,15
2629000000,부산 남,부산남,45
2629000000,부산 남구,부산남구,15
2617000000,부산 동,부산동,45
2617000000,부산 동구,부산동구,15
2626000000,부산 동래,부산동래,45
2626000000,부산 동래구,부산동래구,15
2623000000,부산 부산진,부산부산진,45
2623000000,부산 부산진구,부산부산진구,15
2632000000,부산 북,부산북,45
2632000000,부산 북구,부산북구,15
2653000000,부산 사상,부산사상,45
2653000000,부산 사상구,부산사상구,15
2638000000,부산 사하,부산사하,45
2638000000,부산 사하구,부산사하구,15
2614000000,부산 서,부산서,45
2614000000,부산 서구,부산서구,15
2650000000,부산 수영,부산수영,45
2650000000,부산 수영구,부산수영구,15
2600000000,부산시,부산시,30
2644000000,부산시 강서,부산시강서,45
2644000000,부산시 강서구,부산시강서구,15
2641000000,부산시 금정,부산시금정,45
2641000000,부산시 금정구,부산시금정구,15
2671000000,부산시 기장,부산시기장,45
2671000000,부산시 기장군,부산시기장군,15
2629000000,부산시 남,부산시남,45
2629000000,부산시 남구,부산시남구,15
2617000000,부산시 동,부산시동,45
2617000000,부산시 동구,부산시동구,15
2626000000,부산시 동래,부산시동래,45
2626000000,부산시 동래구,부산시동래구,15
2623000000,부산시 부산진,부산시부산진,45
2623000000,부산시 부산진구,부산시부산진구,15
2632000000,부산시 북,부산시북,45
2632000000,부산시 북구,부산시북구,15
2653000000,부산시 사상,부산시사상,45
2653000000,부산시 사상구,부산시사상구,15
2638000000,부산시 사하,부산시사하,45
2638000000,부산시 사하구,부산시사하구,15
2614000000,부산시 서,부산시서,45
2614000000,부산시 서구,부산시서구,15
2650000000,부산시 수영,부산시수영,45
2650000000,부산시 수영구,부산시수영구,15
2647000000,부산시 연제,부산시연제,45
2647000000,부산시 연제구,부산시연제구,15
2620000000,부산시 영도,부산시영도,45
2620000000,부산시 영도구,부산시영도구,15
2611000000,부산시 중,부산시중,45
2611000000,부산시 중구,부산시중구,15
2635000000,부산시 해운대,부산시해운대,45
2635000000,부산시 해운대구,부산시해운대구,15
2647000000,부산 연제,부산연제,45
2647000000,부산 연제구,부산연제구,15
2620000000,부산 영도,부산영도,45
2620000000,부산 영도구,부산영도구,15
2611000000,부산 중,부산중,45
2611000000,부산 중구,부산중구,15
2623000000,부산진,부산진,50
2623000000,부산진구,부산진구,20
2635000000,부산 해운대,부산해운대,45
2635000000,부산 해운대구,부산해운대구,15
5280000000,부안,부안,50
5280000000,부안군,부안군,20
4476000000,부여,부여,50
4476000000,부여군,부여군,20
4119000000,부천,부천,50
4119000000,부천시,부천시,20
2823700000,부평,부평,50
2823700000,부평구,부평구,20
1230000000,북,북,50
2632000000,북,북,50
2723000000,북,북,50
3120000000,북,북,50
1230000000,북구,북구,20
2632000000,북구,북구,20
2723000000,북구,북구,20
3120000000,북구,북구,20
2653000000,사상,사상,50
2653000000,사상구,사상구,20
4824000000,사천,사천,50
4824000000,사천시,사천시,20
2638000000,사하,사하,50
2638000000,사하구,사하구,20
4886000000,산청,산청,50
4886000000,산청군,산청군,20
5123000000,삼척,삼척,50
5123000000,삼척시,삼척시,20
4725000000,상주,상주,50
4725000000,상주시,상주시,20
1224000000,서,서,50
2614000000,서,서,50
2717000000,서,서,50
3017000000,서,서,50
1224000000,서구,서구,20
2614000000,서구,서구,20
2717000000,서구,서구,20
3017000000,서구,서구,20
5013000000,서귀포,서귀포,50
5013000000,서귀포시,서귀포시,20
1141000000,서대문,서대문,50
1141000000,서대문구,서대문구,20
4421000000,서산,서산,50
4421000000,서산시,서산시,20
1100000000,서울,서울,30
1168000000,서울 강남,서울강남,45
1168000000,서울 강남구,서울강남구,15
1174000000,서울 강동,서울강동,45
1174000000,서울 강동구,서울강동구,15
1130500000,서울 강북,서울강북,45
1130500000,서울 강북구,서울강북구,15
1150000000,서울 강서,서울강서,45
1150000000,서울 강서구,서울강서구,15
1162000000,서울 관악,서울관악,45
1162000000,서울 관악구,서울관악구,15
1121500000,서울 광진,서울광진,45
1121500000,서울 광진구,서울광진구,15
1153000000,서울 구로,서울구로,45
1153000000,서울 구로구,서울구로구,15
1154500000,서울 금천,서울금천,45
1154500000,서울 금천구,서울금천구,15
1135000000,서울 노원,서울노원,45
1135000000,서울 노원구,서울노원구,15
1132000000,서울 도봉,서울도봉,45
1132000000,서울 도봉구,서울도봉구,15
1123000000,서울 동대문,서울동대문,45
1123000000,서울 동대문구,서울동대문구,15
1159000000,서울 동작,서울동작,45
1159000000,서울 동작구,서울동작구,15
1144000000,서울 마포,서울마포,45
1144000000,서울 마포구,서울마포구,15
1141000000,서울 서대문,서울서대문,45
1141000000,서울 서대문구,서울서대문구,15
1165000000,서울 서초,서울서초,45
1165000000,서울 서초구,서울서초구,15
1120000000,서울 성동,서울성동,45
1120000000,서울 성동구,서울성동구,15
1129000000,서울 성북,서울성북,45
1129000000,서울 성북구,서울성북구,15
1171000000,서울 송파,서울송파,45
1171000000,서울 송파구,서울송파구,15
1100000000,서울시,서울시,30
1168000000,서울시 강남,서울시강남,45
1168000000,서울시 강남구,서울시강남구,15
1174000000,서울시 강동,서울시강동,45
1174000000,서울시 강동구,서울시강동구,15
1130500000,서울시 강북,서울시강북,45
1130500000,서울시 강북구,서울시강북구,15
1150000000,서울시 강서,서울시강서,45
1150000000,서울시 강서구,서울시강서구,15
1162000000,서울시 관악,서울시관악,45
1162000000,서울시 관악구,서울시관악구,15
1121500000,서울시 광진,서울시광진,45
1121500000,서울시 광진구,서울시광진구,15
1153000000,서울시 구로,서울시구로,45
1153000000,서울시 구로구,서울시구로구,15
1154500000,서울시 금천,서울시금천,45
1154500000,서울시 금천구,서울시금천구,15
1135000000,서울시 노원,서울시노원,45
1135000000,서울시 노원구,서울시노원구,15
1132000000,서울시 도봉,서울시도봉,45
1132000000,서울시 도봉구,서울시도봉구,15
1123000000,서울시 동대문,서울시동대문,45
1123000000,서울시 동대문구,서울시동대문구,15
1159000000,서울시 동작,서울시동작,45
1159000000,서울시 동작구,서울시동작구,15
1144000000,서울시 마포,서울시마포,45
1144000000,서울시 마포구,서울시마포구,15
1141000000,서울시 서대문,서울시서대문,45
1141000000,서울시 서대문구,서울시서대문구,15
1165000000,서울시 서초,서울시서초,45
1165000000,서울시 서초구,서울시서초구,15
1120000000,서울시 성동,서울시성동,45
1120000000,서울시 성동구,서울시성동구,15
1129000000,서울시 성북,서울시성북,45
1129000000,서울시 성북구,서울시성북구,15
1171000000,서울시 송파,서울시송파,45
1171000000,서울시 송파구,서울시송파구,15
1147000000,서울시 양천,서울시양천,45
1147000000,서울시 양천구,서울시양천구,15
1156000000,서울시 영등포,서울시영등포,45
1156000000,서울시 영등포구,서울시영등포구,15
1117000000,서울시 용산,서울시용산,45
1117000000,서울시 용산구,서울시용산구,15
1138000000,서울시 은평,서울시은평,45
1138000000,서울시 은평구,서울시은평구,15
1111000000,서울시 종로,서울시종로,45
1111000000,서울시 종로구,서울시종로구,15
1114000000,서울시 중,서울시중,45
1114000000,서울시 중구,서울시중구,15
1126000000,서울시 중랑,서울시중랑,45
1126000000,서울시 중랑구,서울시중랑구,15
1147000000,서울 양천,서울양천,45
1147000000,서울 양천구,서울양천구,15
1156000000,서울 영등포,서울영등포,45
1156000000,서울 영등포구,서울영등포구,15
1117000000,서울 용산,서울용산,45
1117000000,서울 용산구,서울용산구,15
1138000000,서울 은평,서울은평,45
1138000000,서울 은평구,서울은평구,15
1111000000,서울 종로,서울종로,45
1111000000,서울 종로구,서울종로구,15
1114000000,서울 중,서울중,45
1114000000,서울 중구,서울중구,15
1126000000,서울 중랑,서울중랑,45
1126000000,서울 중랑구,서울중랑구,15
1100000000,서울특별시,서울특별시,10
1168000000,서울특별시 강남구,서울특별시강남구,10
1174000000,서울특별시 강동구,서울특별시강동구,10
1130500000,서울특별시 강북구,서울특별시강북구,10
1150000000,서울특별시 강서구,서울특별시강서구,10
1162000000,서울특별시 관악구,서울특별시관악구,10
1121500000,서울특별시 광진구,서울특별시광진구,10
1153000000,서울특별시 구로구,서울특별시구로구,10
1154500000,서울특별시 금천구,서울특별시금천구,10
1135000000,서울특별시 노원구,서울특별시노원구,10
1132000000,서울특별시 도봉구,서울특별시도봉구,10
1123000000,서울특별시 동대문구,서울특별시동대문구,10
1159000000,서울특별시 동작구,서울특별시동작구,10
1144000000,서울특별시 마포구,서울특별시마포구,10
1141000000,서울특별시 서대문구,서울특별시서대문구,10
1165000000,서울특별시 서초구,서울특별시서초구,10
1120000000,서울특별시 성동구,서울특별시성동구,10
1129000000,서울특별시 성북구,서울특별시성북구,10
1171000000,서울특별시 송파구,서울특별시송파구,10
1147000000,서울특별시 양천구,서울특별시양천구,10
1156000000,서울특별시 영등포구,서울특별시영등포구,10
1117000000,서울특별시 용산구,서울특별시용산구,10
1138000000,서울특별시 은평구,서울특별시은평구,10
1111000000,서울특별시 종로구,서울특별시종로구,10
1114000000,서울특별시 중구,서울특별시중구,10
1126000000,서울특별시 중랑구,서울특별시중랑구,10
4477000000,서천,서천,50
4477000000,서천군,서천군,20
1165000000,서초,서초,50
1165000000,서초구,서초구,20
2827500000,서해,서해,50
2827500000,서해구,서해구,20
4113000000,성남,성남,50
4113000000,성남시,성남시,20
1120000000,성동,성동,50
1120000000,성동구,성동구,20
1129000000,성북,성북,50
1129000000,성북구,성북구,20
4784000000,성주,성주,50
4784000000,성주군,성주군,20
3600000000,세종,세종,30
3611000000,세종,세종,50
3611000000,세종 세종,세종세종,45
3611000000,세종 세종시,세종세종시,15
3611000000,세종시,세종시,20
3600000000,세종시,세종시,30
3611000000,세종시 세종,세종시세종,45
3611000000,세종시 세종시,세종시세종시,15
3600000000,세종특별자치시,세종특별자치시,10
3611000000,세종특별자치시 세종시,세종특별자치시세종시,10
5121000000,속초,속초,50
5121000000,속초시,속초시,20
1171000000,송파,송파,50
1171000000,송파구,송파구,20
2726000000,수성,수성,50
2726000000,수성구,수성구,20
2650000000,수영,수영,50
2650000000,수영구,수영구,20
4111000000,수원,수원,50
4111000000,수원시,수원시,20
5277000000,순창,순창,50
5277000000,순창군,순창군,20
1215000000,순천,순천,50
1215000000,순천시,순천시,20
4139000000,시흥,시흥,50
4139000000,시흥시,시흥시,20
1287000000,신안,신안,50
1287000000,신안군,신안군,20
4420000000,아산,아산,50
4420000000,아산시,아산시,20
4717000000,안동,안동,50
4717000000,안동시,안동시,20
4127000000,안산,안산,50
4127000000,안산시,안산시,20
4155000000,안성,안성,50
4155000000,안성시,안성시,20
4117000000,안양,안양,50
4117000000,안양시,안양시,20
5180000000,양구,양구,50
5180000000,양구군,양구군,20
4833000000,양산,양산,50
4833000000,양산시,양산시,20
5183000000,양양,양양,50
5183000000,양양군,양양군,20
4163000000,양주,양주,50
4163000000,양주시,양주시,20
1147000000,양천,양천,50
1147000000,양천구,양천구,20
4183000000,양평,양평,50
4183000000,양평군,양평군,20
1213000000,여수,여수,50
1213000000,여수시,여수시,20
4167000000,여주,여주,50
4167000000,여주시,여주시,20
2818500000,연수,연수,50
2818500000,연수구,연수구,20
2647000000,연제,연제,50
2647000000,연제구,연제구,20
4180000000,연천,연천,50
4180000000,연천군,연천군,20
1283000000,영광,영광,50
1283000000,영광군,영광군,20
4777000000,영덕,영덕,50
4777000000,영덕군,영덕군,20
2620000000,영도,영도,50
2620000000,영도구,영도구,20
4374000000,영동,영동,50
4374000000,영동군,영동군,20
1156000000,영등포,영등포,50
1156000000,영등포구,영등포구,20
1280000000,영암,영암,50
1280000000,영암군,영암군,20
4776000000,영양,영양,50
4776000000,영양군,영양군,20
5175000000,영월,영월,50
5175000000,영월군,영월군,20
2815500000,영종,영종,50
2815500000,영종구,영종구,20
4721000000,영주,영주,50
4721000000,영주시,영주시,20
4723000000,영천,영천,50
4723000000,영천시,영천시,20
4481000000,예산,예산,50
4481000000,예산군,예산군,20
4790000000,예천,예천,50
4790000000,예천군,예천군,20
4137000000,오산,오산,50
4137000000,오산시,오산시,20
4373000000,옥천,옥천,50
4373000000,옥천군,옥천군,20
2872000000,옹진,옹진,50
2872000000,옹진군,옹진군,20
1285000000,완도,완도,50
1285000000,완도군,완도군,20
5271000000,완주,완주,50
5271000000,완주군,완주군,20
1117000000,용산,용산,50
1117000000,용산구,용산구,20
4146000000,용인,용인,50
4146000000,용인시,용인시,20
4794000000,울릉,울릉,50
4794000000,울릉군,울릉군,20
3100000000,울산,울산,30
3100000000,울산광역시,울산광역시,10
3114000000,울산광역시 남구,울산광역시남구,10
3117000000,울산광역시 동구,울산광역시동구,10
3120000000,울산광역시 북구,울산광역시북구,10
3171000000,울산광역시 울주군,울산광역시울주군,10
3111000000,울산광역시 중구,울산광역시중구,10
3114000000,울산 남,울산남,45
3114000000,울산 남구,울산남구,15
3117000000,울산 동,울산동,45
3117000000,울산 동구,울산동구,15
3120000000,울산 북,울산북,45
3120000000,울산 북구,울산북구,15
3100000000,울산시,울산시,30
3114000000,울산시 남,울산시남,45
3114000000,울산시 남구,울산시남구,15
3117000000,울산시 동,울산시동,45
3117000000,울산시 동구,울산시동구,15
3120000000,울산시 북,울산시북,45
3120000000,울산시 북구,울산시북구,15
3171000000,울산시 울주,울산시울주,45
3171000000,울산시 울주군,울산시울주군,15
3111000000,울산시 중,울산시중,45
3111000000,울산시 중구,울산시중구,15
3171000000,울산 울주,울산울주,45
3171000000,울산 울주군,울산울주군,15
3111000000,울산 중,울산중,45
3111000000,울산 중구,울산중구,15
3171000000,울주,울주,50
3171000000,울주군,울주군,20
4793000000,울진,울진,50
4793000000,울진군,울진군,20
5113000000,원주,원주,50
5113000000,원주시,원주시,20
3020000000,유성,유성,50
3020000000,유성구,유성구,20
1138000000,은평,은평,50
1138000000,은평구,은평구,20
4377000000,음성,음성,50
4377000000,음성군,음성군,20
4872000000,의령,의령,50
4872000000,의령군,의령군,20
4773000000,의성,의성,50
4773000000,의성군,의성군,20
4143000000,의왕,의왕,50
4143000000,의왕시,의왕시,20
4115000000,의정부,의정부,50
4115000000,의정부시,의정부시,20
4150000000,이천,이천,50
4150000000,이천시,이천시,20
5214000000,익산,익산,50
5214000000,익산시,익산시,20
5181000000,인제,인제,50
5181000000,인제군,인제군,20
2800000000,인천,인천,30
2871000000,인천 강화,인천강화,45
2871000000,인천 강화군,인천강화군,15
2829000000,인천 검단,인천검단,45
2829000000,인천 검단구,인천검단구,15
2824500000,인천 계양,인천계양,45
2824500000,인천 계양구,인천계양구,15
2800000000,인천광역시,인천광역시,10
2871000000,인천광역시 강화군,인천광역시강화군,10
2829000000,인천광역시 검단구,인천광역시검단구,10
2824500000,인천광역시 계양구,인천광역시계양구,10
2820000000,인천광역시 남동구,인천광역시남동구,10
2817700000,인천광역시 미추홀구,인천광역시미추홀구,10
2823700000,인천광역시 부평구,인천광역시부평구,10
2827500000,인천광역시 서해구,인천광역시서해구,10
2818500000,인천광역시 연수구,인천광역시연수구,10
2815500000,인천광역시 영종구,인천광역시영종구,10
2872000000,인천광역시 옹진군,인천광역시옹진군,10
2812500000,인천광역시 제물포구,인천광역시제물포구,10
2820000000,인천 남동,인천남동,45
2820000000,인천 남동구,인천남동구,15
2817700000,인천 미추홀,인천미추홀,45
2817700000,인천 미추홀구,인천미추홀구,15
2823700000,인천 부평,인천부평,45
2823700000,인천 부평구,인천부평구,15
2827500000,인천 서해,인천서해,45
2827500000,인천 서해구,인천서해구,15
2800000000,인천시,인천시,30
2871000000,인천시 강화,인천시강화,45
2871000000,인천시 강화군,인천시강화군,15
2829000000,인천시 검단,인천시검단,45
2829000000,인천시 검단구,인천시검단구,15
2824500000,인천시 계양,인천시계양,45
2824500000,인천시 계양구,인천시계양구,15
2820000000,인천시 남동,인천시남동,45
2820000000,인천시 남동구,인천시남동구,15
2817700000,인천시 미추홀,인천시미추홀,45
2817700000,인천시 미추홀구,인천시미추홀구,15
2823700000,인천시 부평,인천시부평,45
2823700000,인천시 부평구,인천시부평구,15
2827500000,인천시 서해,인천시서해,45
2827500000,인천시 서해구,인천시서해구,15
2818500000,인천시 연수,인천시연수,45
2818500000,인천시 연수구,인천시연수구,15
2815500000,인천시 영종,인천시영종,45
2815500000,인천시 영종구,인천시영종구,15
2872000000,인천시 옹진,인천시옹진,45
2872000000,인천시 옹진군,인천시옹진군,15
2812500000,인천시 제물포,인천시제물포,45
2812500000,인천시 제물포구,인천시제물포구,15
2818500000,인천 연수,인천연수,45
2818500000,인천 연수구,인천연수구,15
2815500000,인천 영종,인천영종,45
2815500000,인천 영종구,인천영종구,15
2872000000,인천 옹진,인천옹진,45
2872000000,인천 옹진군,인천옹진군,15
2812500000,인천 제물포,인천제물포,45
2812500000,인천 제물포구,인천제물포구,15
5275000000,임실,임실,50
5275000000,임실군,임실군,20
1284000000,장성,장성,50
1284000000,장성군,장성군,20
5274000000,장수,장수,50
5274000000,장수군,장수군,20
1277000000,장흥,장흥,50
1277000000,장흥군,장흥군,20
1200000000,전남,전남,30
1278000000,전남 강진,전남강진,45
1278000000,전남 강진군,전남강진군,15
1274000000,전남 고흥,전남고흥,45
1274000000,전남 고흥군,전남고흥군,15
1272000000,전남 곡성,전남곡성,45
1272000000,전남 곡성군,전남곡성군,15
1219000000,전남 광양,전남광양,45
1219000000,전남 광양시,전남광양시,15
1200000000,전남광주,전남광주,30
1200000000,전남광주통합,전남광주통합,30
1273000000,전남 구례,전남구례,45
1273000000,전남 구례군,전남구례군,15
1217000000,전남 나주,전남나주,45
1217000000,전남 나주시,전남나주시,15
1271000000,전남 담양,전남담양,45
1271000000,전남 담양군,전남담양군,15
1211000000,전남 목포,전남목포,45
1211000000,전남 목포시,전남목포시,15
1281000000,전남 무안,전남무안,45
1281000000,전남 무안군,전남무안군,15
1275000000,전남 보성,전남보성,45
1275000000,전남 보성군,전남보성군,15
1215000000,전남 순천,전남순천,45
1215000000,전남 순천시,전남순천시,15
1287000000,전남 신안,전남신안,45
1287000000,전남 신안군,전남신안군,15
1213000000,전남 여수,전남여수,45
1213000000,전남 여수시,전남여수시,15
1283000000,전남 영광,전남영광,45
1283000000,전남 영광군,전남영광군,15
1280000000,전남 영암,전남영암,45
1280000000,전남 영암군,전남영암군,15
1285000000,전남 완도,전남완도,45
1285000000,전남 완도군,전남완도군,15
1284000000,전남 장성,전남장성,45
1284000000,전남 장성군,전남장성군,15
1277000000,전남 장흥,전남장흥,45
1277000000,전남 장흥군,전남장흥군,15
1286000000,전남 진도,전남진도,45
1286000000,전남 진도군,전남진도군,15
1282000000,전남 함평,전남함평,45
1282000000,전남 함평군,전남함평군,15
1279000000,전남 해남,전남해남,45
1279000000,전남 해남군,전남해남군,15
1276000000,전남 화순,전남화순,45
1276000000,전남 화순군,전남화순군,15
1200000000,전라남도,전라남도,30
1278000000,전라남도 강진,전라남도강진,45
1278000000,전라남도 강진군,전라남도강진군,15
1274000000,전라남도 고흥,전라남도고흥,45
1274000000,전라남도 고흥군,전라남도고흥군,15
1272000000,전라남도 곡성,전라남도곡성,45
1272000000,전라남도 곡성군,전라남도곡성군,15
1219000000,전라남도 광양,전라남도광양,45
1219000000,전라남도 광양시,전라남도광양시,15
1273000000,전라남도 구례,전라남도구례,45
1273000000,전라남도 구례군,전라남도구례군,15
1217000000,전라남도 나주,전라남도나주,45
1217000000,전라남도 나주시,전라남도나주시,15
1271000000,전라남도 담양,전라남도담양,45
1271000000,전라남도 담양군,전라남도담양군,15
1211000000,전라남도 목포,전라남도목포,45
1211000000,전라남도 목포시,전라남도목포시,15
1281000000,전라남도 무안,전라남도무안,45
1281000000,전라남도 무안군,전라남도무안군,15
1275000000,전라남도 보성,전라남도보성,45
1275000000,전라남도 보성군,전라남도보성군,15
1215000000,전라남도 순천,전라남도순천,45
1215000000,전라남도 순천시,전라남도순천시,15
1287000000,전라남도 신안,전라남도신안,45
1287000000,전라남도 신안군,전라남도신안군,15
1213000000,전라남도 여수,전라남도여수,45
1213000000,전라남도 여수시,전라남도여수시,15
1283000000,전라남도 영광,전라남도영광,45
1283000000,전라남도 영광군,전라남도영광군,15
1280000000,전라남도 영암,전라남도영암,45
1280000000,전라남도 영암군,전라남도영암군,15
1285000000,전라남도 완도,전라남도완도,45
1285000000,전라남도 완도군,전라남도완도군,15
1284000000,전라남도 장성,전라남도장성,45
1284000000,전라남도 장성군,전라남도장성군,15
1277000000,전라남도 장흥,전라남도장흥,45
1277000000,전라남도 장흥군,전라남도장흥군,15
1286000000,전라남도 진도,전라남도진도,45
1286000000,전라남도 진도군,전라남도진도군,15
1282000000,전라남도 함평,전라남도함평,45
1282000000,전라남도 함평군,전라남도함평군,15
1279000000,전라남도 해남,전라남도해남,45
1279000000,전라남도 해남군,전라남도해남군,15
1276000000,전라남도 화순,전라남도화순,45
1276000000,전라남도 화순군,전라남도화순군,15
5200000000,전라북도,전라북도,30
5279000000,전라북도 고창,전라북도고창,45
5279000000,전라북도 고창군,전라북도고창군,15
5213000000,전라북도 군산,전라북도군산,45
5213000000,전라북도 군산시,전라북도군산시,15
5221000000,전라북도 김제,전라북도김제,45
5221000000,전라북도 김제시,전라북도김제시,15
5219000000,전라북도 남원,전라북도남원,45
5219000000,전라북도 남원시,전라북도남원시,15
5273000000,전라북도 무주,전라북도무주,45
5273000000,전라북도 무주군,전라북도무주군,15
5280000000,전라북도 부안,전라북도부안,45
5280000000,전라북도 부안군,전라북도부안군,15
5277000000,전라북도 순창,전라북도순창,45
5277000000,전라북도 순창군,전라북도순창군,15
5271000000,전라북도 완주,전라북도완주,45
5271000000,전라북도 완주군,전라북도완주군,15
5214000000,전라북도 익산,전라북도익산,45
5214000000,전라북도 익산시,전라북도익산시,15
5275000000,전라북도 임실,전라북도임실,45
5275000000,전라북도 임실군,전라북도임실군,15
5274000000,전라북도 장수,전라북도장수,45
5274000000,전라북도 장수군,전라북도장수군,15
5211000000,전라북도 전주,전라북도전주,45
5211000000,전라북도 전주시,전라북도전주시,15
5218000000,전라북도 정읍,전라북도정읍,45
5218000000,전라북도 정읍시,전라북도정읍시,15
5272000000,전라북도 진안,전라북도진안,45
5272000000,전라북도 진안군,전라북도진안군,15
5200000000,전북,전북,30
5279000000,전북 고창,전북고창,45
5279000000,전북 고창군,전북고창군,15
5213000000,전북 군산,전북군산,45
5213000000,전북 군산시,전북군산시,15
5221000000,전북 김제,전북김제,45
5221000000,전북 김제시,전북김제시,15
5219000000,전북 남원,전북남원,45
5219000000,전북 남원시,전북남원시,15
5273000000,전북 무주,전북무주,45
5273000000,전북 무주군,전북무주군,15
5280000000,전북 부안,전북부안,45
5280000000,전북 부안군,전북부안군,15
5277000000,전북 순창,전북순창,45
5277000000,전북 순창군,전북순창군,15
5271000000,전북 완주,전북완주,45
5271000000,전북 완주군,전북완주군,15
5214000000,전북 익산,전북익산,45
5214000000,전북 익산시,전북익산시,15
5275000000,전북 임실,전북임실,45
5275000000,전북 임실군,전북임실군,15
5274000000,전북 장수,전북장수,45
5274000000,전북 장수군,전북장수군,15
5211000000,전북 전주,전북전주,45
5211000000,전북 전주시,전북전주시,15
5218000000,전북 정읍,전북정읍,45
5218000000,전북 정읍시,전북정읍시,15
5272000000,전북 진안,전북진안,45
5272000000,전북 진안군,전북진안군,15
5200000000,전북특별자치도,전북특별자치도,10
5279000000,전북특별자치도 고창군,전북특별자치도고창군,10
5213000000,전북특별자치도 군산시,전북특별자치도군산시,10
5221000000,전북특별자치도 김제시,전북특별자치도김제시,10
5219000000,전북특별자치도 남원시,전북특별자치도남원시,10
5273000000,전북특별자치도 무주군,전북특별자치도무주군,10
5280000000,전북특별자치도 부안군,전북특별자치도부안군,10
5277000000,전북특별자치도 순창군,전북특별자치도순창군,10
5271000000,전북특별자치도 완주군,전북특별자치도완주군,10
5214000000,전북특별자치도 익산시,전북특별자치도익산시,10
5275000000,전북특별자치도 임실군,전북특별자치도임실군,10
5274000000,전북특별자치도 장수군,전북특별자치도장수군,10
5211000000,전북특별자치도 전주시,전북특별자치도전주시,10
5218000000,전북특별자치도 정읍시,전북특별자치도정읍시,10
5272000000,전북특별자치도 진안군,전북특별자치도진안군,10
5211000000,전주,전주,50
5211000000,전주시,전주시,20
5177000000,정선,정선,50
5177000000,정선군,정선군,20
5218000000,정읍,정읍,50
5218000000,정읍시,정읍시,20
2812500000,제물포,제물포,50
2812500000,제물포구,제물포구,20
5000000000,제주,제주,30
5011000000,제주,제주,50
5000000000,제주도,제주도,30
5013000000,제주도 서귀포,제주도서귀포,45
5013000000,제주도 서귀포시,제주도서귀포시,15
5011000000,제주도 제주,제주도제주,45
5011000000,제주도 제주시,제주도제주시,15
5013000000,제주 서귀포,제주서귀포,45
5013000000,제주 서귀포시,제주서귀포시,15
5011000000,제주시,제주시,20
5011000000,제주 제주,제주제주,45
5011000000,제주 제주시,제주제주시,15
5000000000,제주특별자치도,제주특별자치도,10
5013000000,제주특별자치도 서귀포시,제주특별자치도서귀포시,10
5011000000,제주특별자치도 제주시,제주특별자치도제주시,10
4315000000,제천,제천,50
4315000000,제천시,제천시,20
1111000000,종로,종로,50
1111000000,종로구,종로구,20
1114000000,중,중,50
2611000000,중,중,50
2711000000,중,중,50
3014000000,중,중,50
3111000000,중,중,50
1114000000,중구,중구,20
2611000000,중구,중구,20
2711000000,중구,중구,20
3014000000,중구,중구,20
3111000000,중구,중구,20
1126000000,중랑,중랑,50
1126000000,중랑구,중랑구,20
4374500000,증평,증평,50
4374500000,증평군,증평군,20
1286000000,진도,진도,50
1286000000,진도군,진도군,20
5272000000,진안,진안,50
5272000000,진안군,진안군,20
4817000000,진주,진주,50
4817000000,진주시,진주시,20
4375000000,진천,진천,50
4375000000,진천군,진천군,20
4874000000,창녕,창녕,50
4874000000,창녕군,창녕군,20
4812000000,창원,창원,50
4812000000,창원시,창원시,20
4413000000,천안,천안,50
4413000000,천안시,천안시,20
5178000000,철원,철원,50
5178000000,철원군,철원군,20
4782000000,청도,청도,50
4782000000,청도군,청도군,20
4775000000,청송,청송,50
4775000000,청송군,청송군,20
4479000000,청양,청양,50
4479000000,청양군,청양군,20
4311000000,청주,청주,50
4311000000,청주시,청주시,20
5111000000,춘천,춘천,50
5111000000,춘천시,춘천시,20
4400000000,충남,충남,30
4425000000,충남 계룡,충남계룡,45
4425000000,충남 계룡시,충남계룡시,15
4415000000,충남 공주,충남공주,45
4415000000,충남 공주시,충남공주시,15
4471000000,충남 금산,충남금산,45
4471000000,충남 금산군,충남금산군,15
4423000000,충남 논산,충남논산,45
4423000000,충남 논산시,충남논산시,15
4427000000,충남 당진,충남당진,45
4427000000,충남 당진시,충남당진시,15
4418000000,충남 보령,충남보령,45
4418000000,충남 보령시,충남보령시,15
4476000000,충남 부여,충남부여,45
4476000000,충남 부여군,충남부여군,15
4421000000,충남 서산,충남서산,45
4421000000,충남 서산시,충남서산시,15
4477000000,충남 서천,충남서천,45
4477000000,충남 서천군,충남서천군,15
4420000000,충남 아산,충남아산,45
4420000000,충남 아산시,충남아산시,15
4481000000,충남 예산,충남예산,45
4481000000,충남 예산군,충남예산군,15
4413000000,충남 천안,충남천안,45
4413000000,충남 천안시,충남천안시,15
4479000000,충남 청양,충남청양,45
4479000000,충남 청양군,충남청양군,15
4482500000,충남 태안,충남태안,45
4482500000,충남 태안군,충남태안군,15
4480000000,충남 홍성,충남홍성,45
4480000000,충남 홍성군,충남홍성군,15
4300000000,충북,충북,30
4376000000,충북 괴산,충북괴산,45
4376000000,충북 괴산군,충북괴산군,15
4380000000,충북 단양,충북단양,45
4380000000,충북 단양군,충북단양군,15
4372000000,충북 보은,충북보은,45
4372000000,충북 보은군,충북보은군,15
4374000000,충북 영동,충북영동,45
4374000000,충북 영동군,충북영동군,15
4373000000,충북 옥천,충북옥천,45
4373000000,충북 옥천군,충북옥천군,15
4377000000,충북 음성,충북음성,45
4377000000,충북 음성군,충북음성군,15
4315000000,충북 제천,충북제천,45
4315000000,충북 제천시,충북제천시,15
4374500000,충북 증평,충북증평,45
4374500000,충북 증평군,충북증평군,15
4375000000,충북 진천,충북진천,45
4375000000,충북 진천군,충북진천군,15
4311000000,충북 청주,충북청주,45
4311000000,충북 청주시,충북청주시,15
4313000000,충북 충주,충북충주,45
4313000000,충북 충주시,충북충주시,15
4313000000,충주,충주,50
4313000000,충주시,충주시,20
4400000000,충청남도,충청남도,10
4425000000,충청남도 계룡시,충청남도계룡시,10
4415000000,충청남도 공주시,충청남도공주시,10
4471000000,충청남도 금산군,충청남도금산군,10
4423000000,충청남도 논산시,충청남도논산시,10
4427000000,충청남도 당진시,충청남도당진시,10
4418000000,충청남도 보령시,충청남도보령시,10
4476000000,충청남도 부여군,충청남도부여군,10
4421000000,충청남도 서산시,충청남도서산시,10
4477000000,충청남도 서천군,충청남도서천군,10
4420000000,충청남도 아산시,충청남도아산시,10
4481000000,충청남도 예산군,충청남도예산군,10
4413000000,충청남도 천안시,충청남도천안시,10
4479000000,충청남도 청양군,충청남도청양군,10
4482500000,충청남도 태안군,충청남도태안군,10
4480000000,충청남도 홍성군,충청남도홍성군,10
4300000000,충청북도,충청북도,10
4376000000,충청북도 괴산군,충청북도괴산군,10
4380000000,충청북도 단양군,충청북도단양군,10
4372000000,충청북도 보은군,충청북도보은군,10
4374000000,충청북도 영동군,충청북도영동군,10
4373000000,충청북도 옥천군,충청북도옥천군,10
4377000000,충청북도 음성군,충청북도음성군,10
4315000000,충청북도 제천시,충청북도제천시,10
4374500000,충청북도 증평군,충청북도증평군,10
4375000000,충청북도 진천군,충청북도진천군,10
4311000000,충청북도 청주시,충청북도청주시,10
4313000000,충청북도 충주시,충청북도충주시,10
4785000000,칠곡,칠곡,50
4785000000,칠곡군,칠곡군,20
5119000000,태백,태백,50
5119000000,태백시,태백시,20
4482500000,태안,태안,50
4482500000,태안군,태안군,20
4822000000,통영,통영,50
4822000000,통영시,통영시,20
4148000000,파주,파주,50
4148000000,파주시,파주시,20
5176000000,평창,평창,50
5176000000,평창군,평창군,20
4122000000,평택,평택,50
4122000000,평택시,평택시,20
4165000000,포천,포천,50
4165000000,포천시,포천시,20
4711000000,포항,포항,50
4711000000,포항시,포항시,20
4145000000,하남,하남,50
4145000000,하남시,하남시,20
4885000000,하동,하동,50
4885000000,하동군,하동군,20
4873000000,함안,함안,50
4873000000,함안군,함안군,20
4887000000,함양,함양,50
4887000000,함양군,함양군,20
1282000000,함평,함평,50
1282000000,함평군,함평군,20
4889000000,합천,합천,50
4889000000,합천군,합천군,20
1279000000,해남,해남,50
1279000000,해남군,해남군,20
2635000000,해운대,해운대,50
2635000000,해운대구,해운대구,20
4480000000,홍성,홍성,50
4480000000,홍성군,홍성군,20
5172000000,홍천,홍천,50
5172000000,홍천군,홍천군,20
4159000000,화성,화성,50
4159000000,화성시,화성시,20
1276000000,화순,화순,50
1276000000,화순군,화순군,20
5179000000,화천,화천,50
5179000000,화천군,화천군,20
5173000000,횡성,횡성,50
5173000000,횡성군,횡성군,20
9999000001,중구,중구,50
9999000001,인천 중구,인천중구,45
9999000001,인천시 중구,인천시중구,45
9999000001,인천광역시 중구,인천광역시중구,10
